,0,1,2,3,4,5,6,7,8,9,10,11,12,13,14,15,16,17,18,19,20,21,22,23,24,25,26,27,28,29,30,31,32,33,34,35,36,37,38,39,40,41,42,43,44,45,46,47,48,49,50,51,52,53,54,55,56,57,58,59,60,61
0,NULL,Rio Tapas,7-Eleven,Gong Cha,Trung Nguyen Cafe,HOAMGAR,JiXiang Zhar,The Sloane Clinic,Les Affaires,ZELL-V,Blum&Co,Forever Flawless,L1-60's Shop,CHANEL,Hublot,Ulysse Nardin,Mondial,Franck Mullet,Harley Davidson,The Moluccas Room,Yu Cuisine,Caffe B,Elevator A Level 1,Salvatore Ferragamo,Piaget,Mulberry,Richard Mille,Hermes Watch Boutique,LANA MARKS,Balenciaga,L1-38's Store,LA PERLA,Penhaligon's,Massimo Bonini,L1-30,Elevator B Level 1,South Coast,Bazin,Loewe,CH Carolina Herrera,Mikimoto,Kenzo,Anne Fontaine,Germain,Marisfrolg,Da Vinci,Calvin Klein Collection,3.1 Phillip Lim,Kenko Reflexology & Fish Spa,L1-13,MCM (Hotel Lobby),VOM FASS,The Gems Garden,Fossil Collections,Dragon Brand Bird's Nest,Far East Exchange,L1-06,Au Chocolat,L1-02,DOM Lounge,Pita Pan,Hide Yamamoto
1,Rio Tapas,default,default,default,default,default,default,default,default,default,default,default,default,default,default,default,default,default,default,default,default,default,default,default,default,default,default,default,default,default,default,default,default,default,default,default,default,default,default,default,default,default,default,default,default,default,default,default,default,default,default,default,default,default,default,default,default,default,default,default,default,default
2,7-Eleven,default,default,default,default,default,default,default,default,default,default,default,default,default,default,default,default,default,default,default,default,default,default,default,default,default,default,default,default,default,default,default,default,default,default,default,default,default,default,default,default,default,default,default,default,default,default,default,default,default,default,default,default,default,default,default,default,default,default,default,default,default
3,Gong Cha,default,default,default,default,default,default,default,default,default,default,default,default,default,default,default,default,default,default,default,default,default,default,default,default,default,default,default,default,default,default,default,default,default,default,default,default,default,default,default,default,default,default,default,default,default,default,default,default,default,default,default,default,default,default,default,default,default,default,default,default,default
4,Trung Nguyen Cafe,default,default,default,default,default,default,default,default,default,default,default,default,default,default,default,default,default,default,default,default,default,default,default,default,default,default,default,default,default,default,default,default,default,default,default,default,default,default,default,default,default,default,default,default,default,default,default,default,default,default,default,default,default,default,default,default,default,default,default,default,default
5,HOAMGAR,default,default,default,default,default,default,default,default,default,default,default,default,default,default,default,default,default,default,default,default,default,default,default,default,default,default,default,default,default,default,default,default,default,default,default,default,default,default,default,default,default,default,default,default,default,default,default,default,default,default,default,default,default,default,default,default,default,default,default,default,default
6,JiXiang Zhar,default,default,default,default,default,default,default,default,default,default,default,default,default,default,default,default,default,default,default,default,default,default,default,default,default,default,default,default,default,default,default,default,default,default,default,default,default,default,default,default,default,default,default,default,default,default,default,default,default,default,default,default,default,default,default,default,default,default,default,default,default
7,The Sloane Clinic,default,default,default,default,default,default,default,default,default,default,default,default,default,default,default,default,default,default,default,default,default,default,default,default,default,default,default,default,default,default,default,default,default,default,default,default,default,default,default,default,default,default,default,default,default,default,default,default,default,default,default,default,default,default,default,default,default,default,default,default,default
8,Les Affaires,default,default,default,default,default,default,default,default,default,default,default,default,default,default,default,default,default,default,default,default,default,default,default,default,default,default,default,default,default,default,default,default,default,default,default,default,default,default,default,default,default,default,default,default,default,default,default,default,default,default,default,default,default,default,default,default,default,default,default,default,default
9,ZELL-V,default,default,default,default,default,default,default,default,default,default,default,default,default,default,default,default,default,default,default,default,default,default,default,default,default,default,default,default,default,default,default,default,default,default,default,default,default,default,default,default,default,default,default,default,default,default,default,default,default,default,default,default,default,default,default,default,default,default,default,default,default
10,Blum&Co,default,default,default,default,default,default,default,default,default,default,default,default,default,default,default,default,default,default,default,default,default,default,default,default,default,default,default,default,default,default,default,default,default,default,default,default,default,default,default,default,default,default,default,default,default,default,default,default,default,default,default,default,default,default,default,default,default,default,default,default,default
11,Forever Flawless,default,default,default,default,default,default,default,default,default,default,default,default,default,default,default,default,default,default,default,default,default,default,default,default,default,default,default,default,default,default,default,default,default,default,default,default,default,default,default,default,default,default,default,default,default,default,default,default,default,default,default,default,default,default,default,default,default,default,default,default,default
12,L1-60's Shop,default,default,default,default,default,default,default,default,default,default,default,default,default,default,default,default,default,default,default,default,default,default,default,default,default,default,default,default,default,default,default,default,default,default,default,default,default,default,default,default,default,default,default,default,default,default,default,default,default,default,default,default,default,default,default,default,default,default,default,default,default
13,CHANEL,default,default,default,default,default,default,default,default,default,default,default,default,default,default,default,default,default,default,default,default,default,default,default,default,default,default,default,default,default,default,default,default,default,default,default,default,default,default,default,default,default,default,default,default,default,default,default,default,default,default,default,default,default,default,default,default,default,default,default,default,default
14,Hublot,default,default,default,default,default,default,default,default,default,default,default,default,default,default,default,default,default,default,default,default,default,default,default,default,default,default,default,default,default,default,default,default,default,default,default,default,default,default,default,default,default,default,default,default,default,default,default,default,default,default,default,default,default,default,default,default,default,default,default,default,default
15,Ulysse Nardin,default,default,default,default,default,default,default,default,default,default,default,default,default,default,default,default,default,default,default,default,default,default,default,default,default,default,default,default,default,default,default,default,default,default,default,default,default,default,default,default,default,default,default,default,default,default,default,default,default,default,default,default,default,default,default,default,default,default,default,default,default
16,Mondial,default,default,default,default,default,default,default,default,default,default,default,default,default,default,default,default,default,default,default,default,default,default,default,default,default,default,default,default,default,default,default,default,default,default,default,default,default,default,default,default,default,default,default,default,default,default,default,default,default,default,default,default,default,default,default,default,default,default,default,default,default
17,Franck Mullet,default,default,default,default,default,default,default,default,default,default,default,default,default,default,default,default,default,default,default,default,default,default,default,default,default,default,default,default,default,default,default,default,default,default,default,default,default,default,default,default,default,default,default,default,default,default,default,default,default,default,default,default,default,default,default,default,default,default,default,default,default
18,Harley Davidson,default,default,default,default,default,default,default,default,default,default,default,default,default,default,default,default,default,default,default,default,default,default,default,default,default,default,default,default,default,default,default,default,default,default,default,default,default,default,default,default,default,default,default,default,default,default,default,default,default,default,default,default,default,default,default,default,default,default,default,default,default
19,The Moluccas Room,default,default,default,default,default,default,default,default,default,default,default,default,default,default,default,default,default,default,default,default,default,default,default,default,default,default,default,default,default,default,default,default,default,default,default,default,default,default,default,default,default,default,default,default,default,default,default,default,default,default,default,default,default,default,default,default,default,default,default,default,default
20,Yu Cuisine,default,default,default,default,default,default,default,default,default,default,default,default,default,default,default,default,default,default,default,default,default,default,default,default,default,default,default,default,default,default,default,default,default,default,default,default,default,default,default,default,default,default,default,default,default,default,default,default,default,default,default,default,default,default,default,default,default,default,default,default,default
21,Caffe B,default,default,default,default,default,default,default,default,default,default,default,default,default,default,default,default,default,default,default,default,default,default,default,default,default,default,default,default,default,default,default,default,default,default,default,default,default,default,default,default,default,default,default,default,default,default,default,default,default,default,default,default,default,default,default,default,default,default,default,default,default
22,Elevator A Level 1,default,default,default,default,default,default,default,default,default,default,default,default,default,default,default,default,default,default,default,default,default,default,default,default,default,default,default,default,default,default,default,default,default,default,default,default,default,default,default,default,default,default,default,default,default,default,default,default,default,default,default,default,default,default,default,default,default,default,default,default,default
23,Salvatore Ferragamo,default,default,default,default,default,default,default,default,default,default,default,default,default,default,default,default,default,default,default,default,default,default,default,default,default,default,default,default,default,default,default,default,default,default,default,default,default,default,default,default,default,default,default,default,default,default,default,default,default,default,default,default,default,default,default,default,default,default,default,default,default
24,Piaget,default,default,default,default,default,default,default,default,default,default,default,default,default,default,default,default,default,default,default,default,default,default,default,default,default,default,default,default,default,default,default,default,default,default,default,default,default,default,default,default,default,default,default,default,default,default,default,default,default,default,default,default,default,default,default,default,default,default,default,default,default
25,Mulberry,default,default,default,default,default,default,default,default,default,default,default,default,default,default,default,default,default,default,default,default,default,default,default,default,default,default,default,default,default,default,default,default,default,default,default,default,default,default,default,default,default,default,default,default,default,default,default,default,default,default,default,default,default,default,default,default,default,default,default,default,default
26,Richard Mille,default,default,default,default,default,default,default,default,default,default,default,default,default,default,default,default,default,default,default,default,default,default,default,default,default,default,default,default,default,default,default,default,default,default,default,default,default,default,default,default,default,default,default,default,default,default,default,default,default,default,default,default,default,default,default,default,default,default,default,default,default
27,Hermes Watch Boutique,default,default,default,default,default,default,default,default,default,default,default,default,default,default,default,default,default,default,default,default,default,default,default,default,default,default,default,default,default,default,default,default,default,default,default,default,default,default,default,default,default,default,default,default,default,default,default,default,default,default,default,default,default,default,default,default,default,default,default,default,default
28,LANA MARKS,default,default,default,default,default,default,default,default,default,default,default,default,default,default,default,default,default,default,default,default,default,default,default,default,default,default,default,default,default,default,default,default,default,default,default,default,default,default,default,default,default,default,default,default,default,default,default,default,default,default,default,default,default,default,default,default,default,default,default,default,default
29,Balenciaga,default,default,default,default,default,default,default,default,default,default,default,default,default,default,default,default,default,default,default,default,default,default,default,default,default,default,default,default,default,default,default,default,default,default,default,default,default,default,default,default,default,default,default,default,default,default,default,default,default,default,default,default,default,default,default,default,default,default,default,default,default
30,L1-38's Store,default,default,default,default,default,default,default,default,default,default,default,default,default,default,default,default,default,default,default,default,default,default,default,default,default,default,default,default,default,default,default,default,default,default,default,default,default,default,default,default,default,default,default,default,default,default,default,default,default,default,default,default,default,default,default,default,default,default,default,default,default
31,LA PERLA,default,default,default,default,default,default,default,default,default,default,default,default,default,default,default,default,default,default,default,default,default,default,default,default,default,default,default,default,default,default,default,default,default,default,default,default,default,default,default,default,default,default,default,default,default,default,default,default,default,default,default,default,default,default,default,default,default,default,default,default,default
32,Penhaligon's,default,default,default,default,default,default,default,default,default,default,default,default,default,default,default,default,default,default,default,default,default,default,default,default,default,default,default,default,default,default,default,default,default,default,default,default,default,default,default,default,default,default,default,default,default,default,default,default,default,default,default,default,default,default,default,default,default,default,default,default,default
33,Massimo Bonini,default,default,default,default,default,default,default,default,default,default,default,default,default,default,default,default,default,default,default,default,default,default,default,default,default,default,default,default,default,default,default,default,default,default,default,default,default,default,default,default,default,default,default,default,default,default,default,default,default,default,default,default,default,default,default,default,default,default,default,default,default
34,L1-30,default,default,default,default,default,default,default,default,default,default,default,default,default,default,default,default,default,default,default,default,default,default,default,default,default,default,default,default,default,default,default,default,default,default,default,default,default,default,default,default,default,default,default,default,default,default,default,default,default,default,default,default,default,default,default,default,default,default,default,default,default
35,Elevator B Level 1,default,default,default,default,default,default,default,default,default,default,default,default,default,default,default,default,default,default,default,default,default,default,default,default,default,default,default,default,default,default,default,default,default,default,default,default,default,default,default,default,default,default,default,default,default,default,default,default,default,default,default,default,default,default,default,default,default,default,default,default,default
36,South Coast,default,default,default,default,default,default,default,default,default,default,default,default,default,default,default,default,default,default,default,default,default,default,default,default,default,default,default,default,default,default,default,default,default,default,default,default,default,default,default,default,default,default,default,default,default,default,default,default,default,default,default,default,default,default,default,default,default,default,default,default,default
37,Bazin,default,default,default,default,default,default,default,default,default,default,default,default,default,default,default,default,default,default,default,default,default,default,default,default,default,default,default,default,default,default,default,default,default,default,default,default,default,default,default,default,default,default,default,default,default,default,default,default,default,default,default,default,default,default,default,default,default,default,default,default,default
38,Loewe,default,default,default,default,default,default,default,default,default,default,default,default,default,default,default,default,default,default,default,default,default,default,default,default,default,default,default,default,default,default,default,default,default,default,default,default,default,default,default,default,default,default,default,default,default,default,default,default,default,default,default,default,default,default,default,default,default,default,default,default,default
39,CH Carolina Herrera,default,default,default,default,default,default,default,default,default,default,default,default,default,default,default,default,default,default,default,default,default,default,default,default,default,default,default,default,default,default,default,default,default,default,default,default,default,default,default,default,default,default,default,default,default,default,default,default,default,default,default,default,default,default,default,default,default,default,default,default,default
40,Mikimoto,default,default,default,default,default,default,default,default,default,default,default,default,default,default,default,default,default,default,default,default,default,default,default,default,default,default,default,default,default,default,default,default,default,default,default,default,default,default,default,default,default,default,default,default,default,default,default,default,default,default,default,default,default,default,default,default,default,default,default,default,default
41,Kenzo,default,default,default,default,default,default,default,default,default,default,default,default,default,default,default,default,default,default,default,default,default,default,default,default,default,default,default,default,default,default,default,default,default,default,default,default,default,default,default,default,default,default,default,default,default,default,default,default,default,default,default,default,default,default,default,default,default,default,default,default,default
42,Anne Fontaine,default,default,default,default,default,default,default,default,default,default,default,default,default,default,default,default,default,default,default,default,default,default,default,default,default,default,default,default,default,default,default,default,default,default,default,default,default,default,default,default,default,default,default,default,default,default,default,default,default,default,default,default,default,default,default,default,default,default,default,default,default
43,Germain,default,default,default,default,default,default,default,default,default,default,default,default,default,default,default,default,default,default,default,default,default,default,default,default,default,default,default,default,default,default,default,default,default,default,default,default,default,default,default,default,default,default,default,default,default,default,default,default,default,default,default,default,default,default,default,default,default,default,default,default,default
44,Marisfrolg,default,default,default,default,default,default,default,default,default,default,default,default,default,default,default,default,default,default,default,default,default,default,default,default,default,default,default,default,default,default,default,default,default,default,default,default,default,default,default,default,default,default,default,default,default,default,default,default,default,default,default,default,default,default,default,default,default,default,default,default,default
45,Da Vinci,default,default,default,default,default,default,default,default,default,default,default,default,default,default,default,default,default,default,default,default,default,default,default,default,default,default,default,default,default,default,default,default,default,default,default,default,default,default,default,default,default,default,default,default,default,default,default,default,default,default,default,default,default,default,default,default,default,default,default,default,default
46,Calvin Klein Collection,default,default,default,default,default,default,default,default,default,default,default,default,default,default,default,default,default,default,default,default,default,default,default,default,default,default,default,default,default,default,default,default,default,default,default,default,default,default,default,default,default,default,default,default,default,default,default,default,default,default,default,default,default,default,default,default,default,default,default,default,default
47,3.1 Phillip Lim,default,default,default,default,default,default,default,default,default,default,default,default,default,default,default,default,default,default,default,default,default,default,default,default,default,default,default,default,default,default,default,default,default,default,default,default,default,default,default,default,default,default,default,default,default,default,default,default,default,default,default,default,default,default,default,default,default,default,default,default,default
48,Kenko Reflexology & Fish Spa,default,default,default,default,default,default,default,default,default,default,default,default,default,default,default,default,default,default,default,default,default,default,default,default,default,default,default,default,default,default,default,default,default,default,default,default,default,default,default,default,default,default,default,default,default,default,default,default,default,default,default,default,default,default,default,default,default,default,default,default,default
49,L1-13,default,default,default,default,default,default,default,default,default,default,default,default,default,default,default,default,default,default,default,default,default,default,default,default,default,default,default,default,default,default,default,default,default,default,default,default,default,default,default,default,default,default,default,default,default,default,default,default,default,default,default,default,default,default,default,default,default,default,default,default,default
50,MCM (Hotel Lobby),default,default,default,default,default,default,default,default,default,default,default,default,default,default,default,default,default,default,default,default,default,default,default,default,default,default,default,default,default,default,default,default,default,default,default,default,default,default,default,default,default,default,default,default,default,default,default,default,default,default,default,default,default,default,default,default,default,default,default,default,default
51,VOM FASS,default,default,default,default,default,default,default,default,default,default,default,default,default,default,default,default,default,default,default,default,default,default,default,default,default,default,default,default,default,default,default,default,default,default,default,default,default,default,default,default,default,default,default,default,default,default,default,default,default,default,default,default,default,default,default,default,default,default,default,default,default
52,The Gems Garden,default,default,default,default,default,default,default,default,default,default,default,default,default,default,default,default,default,default,default,default,default,default,default,default,default,default,default,default,default,default,default,default,default,default,default,default,default,default,default,default,default,default,default,default,default,default,default,default,default,default,default,default,default,default,default,default,default,default,default,default,default
53,Fossil Collections,default,default,default,default,default,default,default,default,default,default,default,default,default,default,default,default,default,default,default,default,default,default,default,default,default,default,default,default,default,default,default,default,default,default,default,default,default,default,default,default,default,default,default,default,default,default,default,default,default,default,default,default,default,default,default,default,default,default,default,default,default
54,Dragon Brand Bird's Nest,default,default,default,default,default,default,default,default,default,default,default,default,default,default,default,default,default,default,default,default,default,default,default,default,default,default,default,default,default,default,default,default,default,default,default,default,default,default,default,default,default,default,default,default,default,default,default,default,default,default,default,default,default,default,default,default,default,default,default,default,default
55,Far East Exchange,default,default,default,default,default,default,default,default,default,default,default,default,default,default,default,default,default,default,default,default,default,default,default,default,default,default,default,default,default,default,default,default,default,default,default,default,default,default,default,default,default,default,default,default,default,default,default,default,default,default,default,default,default,default,default,default,default,default,default,default,default
56,L1-06,default,default,default,default,default,default,default,default,default,default,default,default,default,default,default,default,default,default,default,default,default,default,default,default,default,default,default,default,default,default,default,default,default,default,default,default,default,default,default,default,default,default,default,default,default,default,default,default,default,default,default,default,default,default,default,default,default,default,default,default,default
57,Au Chocolat,default,default,default,default,default,default,default,default,default,default,default,default,default,default,default,default,default,default,default,default,default,default,default,default,default,default,default,default,default,default,default,default,default,default,default,default,default,default,default,default,default,default,default,default,default,default,default,default,default,default,default,default,default,default,default,default,default,default,default,default,default
58,L1-02,default,default,default,default,default,default,default,default,default,default,default,default,default,default,default,default,default,default,default,default,default,default,default,default,default,default,default,default,default,default,default,default,default,default,default,default,default,default,default,default,default,default,default,default,default,default,default,default,default,default,default,default,default,default,default,default,default,default,default,default,default
59,DOM Lounge,default,default,default,default,default,default,default,default,default,default,default,default,default,default,default,default,default,default,default,default,default,default,default,default,default,default,default,default,default,default,default,default,default,default,default,default,default,default,default,default,default,default,default,default,default,default,default,default,default,default,default,default,default,default,default,default,default,default,default,default,default
60,Pita Pan,default,default,default,default,default,default,default,default,default,default,default,default,default,default,default,default,default,default,default,default,default,default,default,default,default,default,default,default,default,default,default,default,default,default,default,default,default,default,default,default,default,default,default,default,default,default,default,default,default,default,default,default,default,default,default,default,default,default,default,default,default
61,Hide Yamamoto,default,default,default,default,default,default,default,default,default,default,default,default,default,default,default,default,default,default,default,default,default,default,default,default,default,default,default,default,default,default,default,default,default,default,default,default,default,default,default,default,default,default,default,default,default,default,default,default,default,default,default,default,default,default,default,default,default,default,default,default,default
